157514|_|OMPFCP02            |_|25000|_|10800|_|518
157514|_|OMPPBMVC            |_|100|_|5|_|30
158841|_|ALP7520-01-564-9906 |_|444|_|0|_|12.62
159137|_|AVI104              |_|176|_|0|_|6.75
159137|_|AVI2090-A           |_|7|_|0|_|4.05
159137|_|AVI2133-1           |_|72|_|0|_|7.43
159137|_|AVI2400-C           |_|12|_|0|_|4.03
159137|_|AVI30063            |_|84|_|0|_|8.26
159137|_|AVI3010-5           |_|12|_|0|_|3.04
159137|_|AVI3010-9           |_|12|_|0|_|3.04
159137|_|AVI306E             |_|12|_|0|_|4.95
159137|_|AVI310A             |_|12|_|0|_|2.97
159137|_|AVI4750OW-050       |_|12|_|0|_|6.08
159137|_|AVI4750Q-6          |_|12|_|0|_|14.09
159137|_|AVI4750SC-1         |_|18|_|0|_|2.39
159137|_|AVI52-0389          |_|24|_|0|_|2.87
159137|_|AVI52-3016          |_|32|_|0|_|1.35
159137|_|AVI55W-C            |_|72|_|0|_|4.66
159137|_|AVI55Y-G            |_|12|_|0|_|6.44
159137|_|AVI58-5050          |_|47|_|0|_|7.61
159137|_|AVI644T             |_|6|_|0|_|1.38
159137|_|AVI6966AB           |_|8|_|0|_|13.19
159137|_|AVI850088           |_|20|_|0|_|4.76
159137|_|AVI880046           |_|42|_|0|_|2.59
159137|_|AVI98/ENG           |_|12|_|0|_|11.25
159137|_|AVIAT313-3418       |_|18|_|0|_|2.88
159137|_|AVIC400024920       |_|36|_|0|_|14.67
159137|_|AVIDAV490           |_|6|_|0|_|5.46
159137|_|AVIDX2580N          |_|12|_|0|_|4.6
159137|_|AVIE2376-9          |_|12|_|0|_|7.9
159137|_|AVIG00094           |_|72|_|0|_|3.98
159137|_|AVIG01600           |_|24|_|0|_|9.98
159137|_|AVIG201N            |_|12|_|0|_|5.4
159137|_|AVIG970PG           |_|31|_|0|_|6.99
159137|_|AVIGB559            |_|18|_|0|_|6.73
159137|_|AVIGB5942           |_|1|_|0|_|8.08
159137|_|AVIGBC027B          |_|3|_|0|_|3.13
159137|_|AVIGBM2436          |_|16|_|0|_|14.4
159137|_|AVIIP60             |_|12|_|0|_|0.92
159137|_|AVIMW13764603       |_|24|_|0|_|14.97
159137|_|AVIMW62068          |_|24|_|0|_|29.97
159137|_|AVIMW68412          |_|12|_|0|_|14.97
159137|_|AVIMW68489          |_|12|_|0|_|14.97
159137|_|AVIP207-MK1         |_|15|_|0|_|3.3
159137|_|AVIPPB-7            |_|28|_|0|_|0.85
159137|_|AVIQT105W           |_|1|_|0|_|1.38
159137|_|AVIR590-6           |_|12|_|0|_|0.81
159137|_|AVIRMW5             |_|18|_|0|_|2.43
159137|_|AVISB1819           |_|10|_|0|_|6.08
159137|_|AVISS255500006      |_|12|_|0|_|5.8
159137|_|AVIST105-232        |_|8|_|0|_|17.76
159137|_|AVIST59-853         |_|15|_|0|_|7.85
159137|_|AVIT40-12           |_|12|_|0|_|1.69
159137|_|AVIT7400            |_|21|_|0|_|8.4
159137|_|AVITD1204           |_|48|_|0|_|3.18
159137|_|AVIVBC77-13         |_|12|_|0|_|42.84
159137|_|AVIXSDK005-19       |_|72|_|0|_|1.37
159146|_|KER00009250         |_|144|_|0|_|1.48
159146|_|KER00011146         |_|24|_|0|_|1.99
159146|_|KER00024484         |_|24|_|0|_|0.82
159146|_|KER00035324         |_|12|_|0|_|3.6
159146|_|KER0004499          |_|96|_|0|_|2.35
159146|_|KER00051803         |_|60|_|0|_|2.39
159146|_|KER00059095         |_|60|_|0|_|1.07
159146|_|KER0006105          |_|120|_|0|_|2.4
159146|_|KER00061502         |_|60|_|0|_|2.79
159146|_|KER00071118         |_|36|_|0|_|1.56
159146|_|KER00074648         |_|48|_|0|_|1.72
159146|_|KER00083976         |_|480|_|0|_|0.64
159146|_|KER0016678          |_|288|_|0|_|0.67
159146|_|KER0017920          |_|12|_|0|_|3.76
159146|_|KER00208095         |_|6|_|0|_|4.65
159146|_|KER00215428         |_|120|_|0|_|1.55
159146|_|KER00218454         |_|240|_|0|_|1.33
159146|_|KER00223390         |_|48|_|0|_|2.64
159146|_|KER00233255         |_|6|_|0|_|2.12
159146|_|KER00236153         |_|24|_|0|_|3.85
159146|_|KER00255477         |_|72|_|0|_|4.08
159146|_|KER0028015          |_|96|_|0|_|0.94
159146|_|KER00308414         |_|360|_|0|_|4.58
159146|_|KER0035204          |_|12|_|0|_|2.31
159146|_|KER0039746          |_|18|_|0|_|1.92
159146|_|KER0042285          |_|96|_|0|_|3
159146|_|KER0053482          |_|1584|_|0|_|2.72
159146|_|KER0055248          |_|6|_|0|_|3.33
159146|_|KER0059094          |_|288|_|0|_|2.44
159146|_|KER00601814         |_|12|_|0|_|6.58
159146|_|KER0064421          |_|144|_|0|_|5.57
159146|_|KER0075564          |_|20|_|0|_|1.63
159146|_|KER0089894          |_|6|_|0|_|3.49
159146|_|KER0102177          |_|72|_|0|_|2.57
159146|_|KER0128763          |_|72|_|0|_|1.75
159146|_|KER0207277          |_|144|_|0|_|2.58
159146|_|KER0213401          |_|48|_|0|_|1.75
159146|_|KER0216400          |_|144|_|0|_|1.24
159146|_|KER0303333          |_|24|_|0|_|5.23
159146|_|KER0308413          |_|42|_|0|_|4.58
159146|_|KER0602326          |_|48|_|0|_|2.78
159147|_|KEH00070726         |_|48|_|0|_|1.92
159147|_|KEH00143664         |_|6|_|0|_|6.04
159147|_|KEH00254733         |_|12|_|0|_|2.94
159147|_|KEH00258508         |_|12|_|0|_|9.66
159147|_|KEH00319350         |_|228|_|0|_|4.05
159147|_|KEH00663013         |_|93|_|0|_|8.18
159147|_|KEH00680041         |_|108|_|0|_|6.82
159147|_|KEH01412956         |_|36|_|0|_|17.74
159147|_|KEH01970631         |_|12|_|0|_|7.19
159147|_|THRAC0406           |_|12|_|0|_|1.91
159147|_|THRAC0534           |_|36|_|0|_|5.43
159147|_|THRAC0547           |_|48|_|0|_|5.7
159147|_|THRAC0698           |_|12|_|0|_|7.67
159147|_|THRAE0104           |_|6|_|0|_|4.1
159147|_|THRAE0113           |_|24|_|0|_|3.53
159147|_|THRAL1148           |_|12|_|0|_|7.18
159147|_|THRBG0034           |_|24|_|0|_|23.2
159147|_|THRBN0003           |_|12|_|0|_|8.62
159147|_|THRBN0033           |_|444|_|0|_|8.62
159147|_|THRBV0027           |_|36|_|0|_|7.08
159147|_|THRBW0095           |_|12|_|0|_|5.26
159147|_|THRBW0178           |_|8|_|0|_|3.33
159147|_|THRBZ0013           |_|48|_|0|_|6.02
159147|_|THRBZ0017           |_|36|_|0|_|6.02
159147|_|THRBZ0023           |_|36|_|0|_|6.02
159147|_|THRCD1010           |_|48|_|0|_|6.24
159147|_|THRCF0011           |_|12|_|0|_|2.84
159147|_|THRCK0001           |_|192|_|0|_|6.12
159147|_|THRCO0052           |_|12|_|0|_|9
159147|_|THRCT0111           |_|24|_|0|_|7.43
159147|_|THRCX0008           |_|36|_|0|_|8
159147|_|THRDK0002           |_|6|_|0|_|8.21
159147|_|THRDK0003           |_|72|_|0|_|5.96
159147|_|THRDM0009           |_|48|_|0|_|7.45
159147|_|THRDM0010           |_|36|_|0|_|5.53
159147|_|THRDM0044           |_|30|_|0|_|9.58
159147|_|THRDS0005           |_|36|_|0|_|5.26
159147|_|THRDS0050           |_|6|_|0|_|5.26
159147|_|THRDV0006           |_|60|_|0|_|13.69
159147|_|THREF0079           |_|12|_|0|_|8.8
159147|_|THREH0087           |_|72|_|0|_|4.24
159147|_|THREI0008           |_|12|_|0|_|9.59
159147|_|THREI0010           |_|24|_|0|_|9.59
159147|_|THREI0027           |_|72|_|0|_|9.59
159147|_|THREI0033           |_|12|_|0|_|9.59
159147|_|THREK0046           |_|30|_|0|_|3.83
159147|_|THREO0006           |_|24|_|0|_|15.76
159147|_|THREP0037           |_|72|_|0|_|6.52
159147|_|THREP0053           |_|12|_|0|_|5.4
159147|_|THRER0032           |_|108|_|0|_|3.34
159147|_|THRER0099           |_|36|_|0|_|3.34
159147|_|THREU0071           |_|72|_|0|_|1.92
159147|_|THREU0106           |_|48|_|0|_|3.84
159147|_|THREU0164           |_|12|_|0|_|1.92
159147|_|THREU0248           |_|12|_|0|_|9.6
159147|_|THREW0003           |_|8|_|0|_|2.26
159147|_|THREW0009           |_|12|_|0|_|2.65
159147|_|THRFJ0006           |_|6|_|0|_|3.36
159147|_|THRFS0010           |_|12|_|0|_|7.1
159147|_|THRFS0287           |_|12|_|0|_|6.14
159147|_|THRFS0288           |_|12|_|0|_|6.14
159147|_|THRFX0001           |_|24|_|0|_|28.76
159147|_|THRFY0009           |_|12|_|0|_|9.54
159147|_|THRGB0022           |_|24|_|0|_|2.87
159147|_|THRGB0025           |_|48|_|0|_|2.87
159147|_|THRGD0004           |_|24|_|0|_|17.59
159147|_|THRGE0048           |_|144|_|0|_|2.57
159147|_|THRGP0036           |_|24|_|0|_|2.41
159147|_|THRGV0126           |_|24|_|0|_|4.78
159147|_|THRHD0006           |_|12|_|0|_|17.8
159147|_|THRHD0032           |_|18|_|0|_|13.58
159147|_|THRHF0054           |_|12|_|0|_|21.58
159147|_|THRHI0012           |_|48|_|0|_|12.96
159147|_|THRHJ0007           |_|252|_|0|_|6.02
159147|_|THRHJ0008           |_|15|_|0|_|6.02
159147|_|THRHJ0011           |_|84|_|0|_|6.02
159147|_|THRHJ0022           |_|36|_|0|_|25.15
159147|_|THRHY0059           |_|24|_|0|_|6.23
159147|_|THRHY0114           |_|12|_|0|_|4.55
159147|_|THRHY0260           |_|24|_|0|_|5.91
159147|_|THRIC0022           |_|30|_|0|_|2.14
159147|_|THRIC0024           |_|12|_|0|_|2.67
159147|_|THRID0024           |_|12|_|0|_|11.99
159147|_|THRII0037           |_|12|_|0|_|3.3
159147|_|THRJC0316           |_|96|_|0|_|2.87
159147|_|THRJC0779           |_|60|_|0|_|3.82
159147|_|THRJD0041           |_|12|_|0|_|5.3
159147|_|THRJD0117           |_|18|_|0|_|7.06
159147|_|THRJD0173           |_|24|_|0|_|5.3
159147|_|THRJP0015           |_|12|_|0|_|2.6
159147|_|THRJT0034           |_|36|_|0|_|2.18
159147|_|THRJT0042           |_|36|_|0|_|2.45
159147|_|THRJT0043           |_|12|_|0|_|2.45
159147|_|THRJX0001           |_|72|_|0|_|12.8
159147|_|THRJX0023           |_|12|_|0|_|6
159147|_|THRJX0027           |_|15|_|0|_|6.4
159147|_|THRJX0032           |_|36|_|0|_|10.4
159147|_|THRKF0016           |_|18|_|0|_|2.88
159147|_|THRKF0239           |_|72|_|0|_|2.88
159147|_|THRKH0004           |_|144|_|0|_|3.76
159147|_|THRKL0003           |_|24|_|0|_|5.28
159147|_|THRLB0202           |_|90|_|0|_|5.76
159147|_|THRLH0087           |_|24|_|0|_|16.12
159147|_|THRLY0101           |_|20|_|0|_|7.15
159147|_|THRMJ0002           |_|12|_|0|_|3.72
159147|_|THRMJ0023           |_|12|_|0|_|3.21
159147|_|THRMK0035           |_|48|_|0|_|47.98
159147|_|THRMX0001           |_|108|_|0|_|23
159147|_|THRMX0002           |_|12|_|0|_|23
159147|_|THRNC0012           |_|72|_|0|_|8.24
159147|_|THRNH0009           |_|48|_|0|_|4.6
159147|_|THRNH0012           |_|12|_|0|_|9
159147|_|THRNH0025           |_|24|_|0|_|10.52
159147|_|THRNH0036           |_|252|_|0|_|3
159147|_|THRNH0042           |_|6|_|0|_|8.44
159147|_|THRNH0046           |_|42|_|0|_|5.36
159147|_|THRNH0048           |_|96|_|0|_|10.4
159147|_|THRNS1026           |_|12|_|0|_|9.58
159147|_|THRNT0085           |_|12|_|0|_|5
159147|_|THRNW0012           |_|36|_|0|_|5.97
159147|_|THRNW0016           |_|60|_|0|_|4.05
159147|_|THRNW0019           |_|36|_|0|_|4.69
159147|_|THRNW0025           |_|312|_|0|_|4.05
159147|_|THRNW0071           |_|24|_|0|_|4.27
159147|_|THRNW0103           |_|144|_|0|_|4.27
159147|_|THRNW0357           |_|132|_|0|_|6.39
159147|_|THRNW0454           |_|144|_|0|_|5.97
159147|_|THRNW0457           |_|84|_|0|_|6.4
159147|_|THRNW0636           |_|204|_|0|_|5.55
159147|_|THRNW0639           |_|24|_|0|_|2.77
159147|_|THRNW0678           |_|144|_|0|_|4.05
159147|_|THRNW0682           |_|48|_|0|_|3.2
159147|_|THRNW0683           |_|24|_|0|_|3.41
159147|_|THRNW0880           |_|12|_|0|_|7.47
159147|_|THRNW1084           |_|12|_|0|_|8.18
159147|_|THRNW1089           |_|36|_|0|_|8.53
159147|_|THRNW1159           |_|48|_|0|_|10.67
159147|_|THRNW1175           |_|108|_|0|_|20.98
159147|_|THRNW1233           |_|12|_|0|_|8.7
159147|_|THRNW1273           |_|36|_|0|_|8.11
159147|_|THRNW1274           |_|144|_|0|_|7.68
159147|_|THRNZ0023           |_|12|_|0|_|2.38
159147|_|THROC0007           |_|132|_|0|_|12.78
159147|_|THROC0022           |_|72|_|0|_|8.17
159147|_|THROC0023           |_|36|_|0|_|12.78
159147|_|THROG0003           |_|24|_|0|_|7.2
159147|_|THROH0002           |_|204|_|0|_|11.62
159147|_|THROH0007           |_|36|_|0|_|12.32
159147|_|THROK0008           |_|12|_|0|_|2
159147|_|THROK0009           |_|24|_|0|_|2
159147|_|THROQ0006           |_|18|_|0|_|8.02
159147|_|THROR0048           |_|6|_|0|_|3.1
159147|_|THROR0068           |_|36|_|0|_|7.68
159147|_|THRRA0319           |_|36|_|0|_|18.44
159147|_|THRRA0468           |_|24|_|0|_|18.13
159147|_|THRRA0470           |_|12|_|0|_|18.13
159147|_|THRRA0516           |_|30|_|0|_|8.11
159147|_|THRRA0656           |_|36|_|0|_|11.44
159147|_|THRRA0709           |_|12|_|0|_|16.38
159147|_|THRRA0736           |_|12|_|0|_|8.18
159147|_|THRRA0759           |_|12|_|0|_|12.79
159147|_|THRRD0002           |_|48|_|0|_|1.92
159147|_|THRRD0006           |_|48|_|0|_|4.79
159147|_|THRRK0072           |_|36|_|0|_|4.32
159147|_|THRSS0089           |_|12|_|0|_|9.26
159147|_|THRST0001           |_|24|_|0|_|3.07
159147|_|THRSV0005           |_|12|_|0|_|15.2
159147|_|THRSW0012           |_|48|_|0|_|8.32
159147|_|THRSW0054           |_|24|_|0|_|9.2
159147|_|THRSW0110           |_|12|_|0|_|10
159147|_|THRTF0261           |_|24|_|0|_|5.11
159147|_|THRTS0202           |_|24|_|0|_|0.63
159147|_|THRTV1196           |_|4|_|0|_|6.15
159147|_|THRTY0016           |_|84|_|0|_|3.34
159147|_|THRUE0100           |_|48|_|0|_|4.8
159147|_|THRUE0113           |_|60|_|0|_|4.31
159147|_|THRUI0028           |_|12|_|0|_|15.35
159147|_|THRUP0001           |_|144|_|0|_|1.33
159147|_|THRUT0021           |_|72|_|0|_|3.96
159147|_|THRUT0070           |_|30|_|0|_|4.02
159147|_|THRVA0002           |_|36|_|0|_|7.2
159147|_|THRVA0004           |_|132|_|0|_|6.23
159147|_|THRVA0006           |_|216|_|0|_|3.83
159147|_|THRVA0010           |_|168|_|0|_|6.23
159147|_|THRVA0020           |_|360|_|0|_|7.19
159147|_|THRVA0023           |_|12|_|0|_|8.16
159147|_|THRVA0026           |_|324|_|0|_|4.79
159147|_|THRWL0144           |_|72|_|0|_|6.72
159147|_|THRWM0002           |_|24|_|0|_|16.8
159147|_|THRWS0036           |_|84|_|0|_|5.86
159147|_|THRWS0084           |_|84|_|0|_|1.8
159147|_|THRWS0085           |_|576|_|0|_|1.8
159147|_|THRWS0087           |_|276|_|0|_|1.8
159147|_|THRYA0071           |_|12|_|0|_|5.4
159147|_|THRYA0072           |_|24|_|0|_|5.4
159147|_|THRYO0041           |_|12|_|0|_|2.67
159147|_|THRYO0074           |_|576|_|0|_|2.67
159147|_|THRYO0115           |_|48|_|0|_|2.67
159147|_|THRYO0120           |_|276|_|0|_|2.67
159147|_|TOP047049           |_|108|_|0|_|11.98
159148|_|FAO6021             |_|72|_|0|_|5.5844
159151|_|ALP7520-01-564-9906 |_|588|_|0|_|12.62
159153|_|CHA2782K            |_|3|_|0|_|991.94
159156|_|BEI571339           |_|936|_|0|_|4.08
159156|_|BEI57378            |_|18|_|0|_|3.83
159156|_|BEI60939-BK         |_|336|_|0|_|1.8
159157|_|CEN04100309         |_|12|_|0|_|12.83
159157|_|CEN12015654         |_|12|_|0|_|14.25
159157|_|CEN12032654         |_|42|_|0|_|8.06
159157|_|CEN13599509         |_|12|_|0|_|3.57
159157|_|CEN17507608         |_|3|_|0|_|4.91
159157|_|CEN17550036         |_|2|_|0|_|1.87
159157|_|CEN17583211         |_|12|_|0|_|1.43
159157|_|CEN18504501         |_|168|_|0|_|8.17
159157|_|CEN28400813         |_|12|_|0|_|4.25
159157|_|CEN4200037          |_|95|_|0|_|4.9
159157|_|CEN44200651         |_|12|_|0|_|10.78
159157|_|CEN44200654         |_|60|_|0|_|17.11
159157|_|CEN44800090         |_|5|_|0|_|2.5
159157|_|CEN51821200         |_|70|_|0|_|4.32
159157|_|CEN60062634         |_|12|_|0|_|3.86
159157|_|CEN70020016         |_|9|_|0|_|8.38
159157|_|CEN73807352         |_|46|_|0|_|5.32
159157|_|CEN74200036         |_|32|_|0|_|6.33
159157|_|CEN78802014         |_|2|_|0|_|9.98
159157|_|CEN85040032         |_|93|_|0|_|3.35
159157|_|CEN87548020         |_|48|_|0|_|7.06
159158|_|EMW0007375          |_|12|_|0|_|1.602
159158|_|EMW0007841          |_|18|_|0|_|1.811
159158|_|EMW0007914          |_|96|_|0|_|3.224
159158|_|EMW0008178          |_|12|_|0|_|5.652
159158|_|EMW0008419          |_|36|_|0|_|5.283
159158|_|EMW0008754          |_|12|_|0|_|6.209
159158|_|EMW0009454          |_|60|_|0|_|3.114
159158|_|EMW0009517          |_|12|_|0|_|1.612
159158|_|EMW0009820          |_|24|_|0|_|0.627
159158|_|EMW0010105          |_|192|_|0|_|8.089
159158|_|EMW0010406          |_|10|_|0|_|10.01
159158|_|EMW0011307          |_|12|_|0|_|2.298
159158|_|EMW0011564          |_|84|_|0|_|6.388
159158|_|EMW0011703          |_|36|_|0|_|12.268
159158|_|EMW0012788          |_|72|_|0|_|1.184
159158|_|EMW0012835          |_|36|_|0|_|2.03
159158|_|EMW0012971          |_|48|_|0|_|5.134
159158|_|EMW0013016          |_|132|_|0|_|3.363
159158|_|EMW0013127          |_|72|_|0|_|2.109
159158|_|EMW0023286          |_|60|_|0|_|9.383
159158|_|EMW0029473          |_|60|_|0|_|1.473
159158|_|EMW0036540          |_|60|_|0|_|5.164
159158|_|EMW0040608          |_|12|_|0|_|0.756
159158|_|EMW0040886          |_|12|_|0|_|3.234
159158|_|EMW0041011          |_|72|_|0|_|1.731
159158|_|EMW0046047          |_|60|_|0|_|6.676
159158|_|EMW0047663          |_|216|_|0|_|0.756
159158|_|EMW0053595          |_|190|_|0|_|6.507
159158|_|EMW0054137          |_|12|_|0|_|2.776
159158|_|EMW0058175          |_|72|_|0|_|1.303
159158|_|EMW0059033          |_|60|_|0|_|2.308
159158|_|EMW0063611          |_|120|_|0|_|0.358
159158|_|EMW0064114          |_|24|_|0|_|18.537
159158|_|EMW0065725          |_|636|_|0|_|0.507
159158|_|EMW0066987          |_|18|_|0|_|14.079
159158|_|EMW0069155          |_|84|_|0|_|0.756
159158|_|EMW0078718          |_|6|_|0|_|0.995
159158|_|EMW0080543          |_|96|_|0|_|8.458
159158|_|EMW0080572          |_|144|_|0|_|9.176
159158|_|EMW0081618          |_|10|_|0|_|5.274
159158|_|EMW0092073          |_|108|_|0|_|7.154
159158|_|EMW0092103          |_|60|_|0|_|1.95
159158|_|EMW0093742          |_|36|_|0|_|3.721
159158|_|EMW0111927          |_|36|_|0|_|2.09
159158|_|EMW0112581          |_|36|_|0|_|0.776
159158|_|EMW0116896          |_|36|_|0|_|13.005
159158|_|EMW0451908          |_|18|_|0|_|4.013
159158|_|EMW1102770          |_|12|_|0|_|1.473
159158|_|EMW1132679          |_|288|_|0|_|0.836
159158|_|EMW1139924          |_|132|_|0|_|2.725
159158|_|EMW1160362          |_|60|_|0|_|2.652
159158|_|EMW1204076          |_|144|_|0|_|3.904
159158|_|EMW1394827          |_|12|_|0|_|1.383
159158|_|EMW1510690          |_|84|_|0|_|2.644
159158|_|EMW1602837          |_|18|_|0|_|4.806
159158|_|EMW1603914          |_|84|_|0|_|1.94
159158|_|EMW1608134          |_|30|_|0|_|2.527
159158|_|EMW1620363          |_|12|_|0|_|2.449
159158|_|EMW1633988          |_|72|_|0|_|0.517
159158|_|EMW3013618          |_|120|_|0|_|2.725
159158|_|EMW3424651          |_|132|_|0|_|10.81
159158|_|EMW3428290          |_|108|_|0|_|8.726
159158|_|EMW3500152          |_|24|_|0|_|19.533
159158|_|EMW3500411          |_|636|_|0|_|1.456
159158|_|EMW3530175          |_|84|_|0|_|3.562
159158|_|EMW3610438          |_|12|_|0|_|3.025
159158|_|EMW5056217          |_|30|_|0|_|1.881
159158|_|EMW5256097          |_|12|_|0|_|1.453
159158|_|EMW6377025          |_|12|_|0|_|10.551
159158|_|EMW6503853          |_|84|_|0|_|4.517
159158|_|EMW6580432          |_|36|_|0|_|1.731
159158|_|EMW7033265          |_|228|_|0|_|5.025
159158|_|EMW7050143          |_|168|_|0|_|1.742
159158|_|EMW7090633          |_|324|_|0|_|4.033
159158|_|EMW7101074          |_|48|_|0|_|2.413
159158|_|EMW7274866          |_|10|_|0|_|1.453
159158|_|EMW7277041          |_|12|_|0|_|5.974
159158|_|EMW7550286          |_|36|_|0|_|6.736
159158|_|EMW7550529          |_|48|_|0|_|5.323
159158|_|EMW7570007          |_|216|_|0|_|3.403
159158|_|EMW9000518          |_|24|_|0|_|4.786
159159|_|ESS02201EA          |_|24|_|0|_|4.94
159159|_|ESS02936CT          |_|16|_|0|_|20.01
159159|_|ESS1042202          |_|336|_|0|_|3.15
159159|_|ESS110LONG          |_|16|_|0|_|9.24
159159|_|ESS167097J          |_|48|_|0|_|2.37
159159|_|ESS1790922          |_|60|_|0|_|11.17
159159|_|ESS17CSWUS          |_|24|_|0|_|10.17
159159|_|ESS2201CHE          |_|12|_|0|_|5.51
159159|_|ESS2600859          |_|6|_|0|_|9.64
159159|_|ESS33012AU          |_|48|_|0|_|12.48
159159|_|ESS4013131          |_|3|_|0|_|34.2
159159|_|ESS4540000          |_|16|_|0|_|6.16
159159|_|ESS6360187          |_|60|_|0|_|7.19
159159|_|ESS66401PP          |_|120|_|0|_|3.67
159159|_|ESS7092371          |_|4|_|0|_|10.24
159159|_|ESS74CK336          |_|12|_|0|_|9.03
159159|_|ESSAP51AST          |_|12|_|0|_|4.84
159159|_|ESSATT210B          |_|10|_|0|_|8.43
159159|_|ESSC12SJ20          |_|12|_|0|_|25.39
159159|_|ESSCC25685          |_|168|_|0|_|3.08
159159|_|ESSCC92145          |_|10|_|0|_|3
159159|_|ESSCFM1108          |_|40|_|0|_|4.76
159159|_|ESSCSM11BK          |_|216|_|0|_|5.44
159159|_|ESSDCC16EL          |_|6|_|0|_|34.32
159159|_|ESSEA59880          |_|288|_|0|_|3.15
159159|_|ESSEE61070          |_|12|_|0|_|8.01
159159|_|ESSES59573          |_|70|_|0|_|4.39
159159|_|ESSFAE3001          |_|12|_|0|_|3.67
159159|_|ESSGC84552          |_|35|_|0|_|2.97
159159|_|ESSGGK4500          |_|24|_|0|_|8.72
159159|_|ESSGK12500          |_|12|_|0|_|15.06
159159|_|ESSH827132          |_|12|_|0|_|7.14
159159|_|ESSI460989          |_|5|_|0|_|11.77
159159|_|ESSIC30218          |_|10|_|0|_|1.75
159159|_|ESSIX13856          |_|108|_|0|_|2.13
159159|_|ESSJ965124          |_|5|_|0|_|39.08
159159|_|ESSLGB11BE          |_|216|_|0|_|8.78
159159|_|ESSLL42339          |_|12|_|0|_|1.89
159159|_|ESSLO00457          |_|16|_|0|_|5.67
159159|_|ESSM680SD2          |_|48|_|0|_|3.9
159159|_|ESSMD64873          |_|12|_|0|_|12.79
159159|_|ESSMMM50            |_|36|_|0|_|3.11
159159|_|ESSMMM859           |_|480|_|0|_|1.87
159159|_|ESSMMM860           |_|60|_|0|_|1.13
159159|_|ESSMMMR105          |_|1044|_|0|_|1.98
159159|_|ESSMRF6740          |_|12|_|0|_|8.97
159159|_|ESSND24064          |_|12|_|0|_|19.02
159159|_|ESSNGRB10C          |_|108|_|0|_|6.1
159159|_|ESSNV08607          |_|12|_|0|_|5.21
159159|_|ESSNV35206          |_|132|_|0|_|13.01
159159|_|ESSNV35615          |_|24|_|0|_|12.57
159159|_|ESSNV39912          |_|36|_|0|_|3.6
159159|_|ESSNV43671          |_|12|_|0|_|3.95
159159|_|ESSNV54051          |_|36|_|0|_|1.42
159159|_|ESSNV54055          |_|12|_|0|_|2.15
159159|_|ESSNV54095          |_|84|_|0|_|3.33
159159|_|ESSO149904          |_|24|_|0|_|5.09
159159|_|ESSO151598          |_|12|_|0|_|5.18
159159|_|ESSO684208          |_|36|_|0|_|1.65
159159|_|ESSO884580          |_|12|_|0|_|10.13
159159|_|ESSOL63104          |_|168|_|0|_|6.2
159159|_|ESSOL67553          |_|84|_|0|_|3.03
159159|_|ESSOS33115          |_|90|_|0|_|3.72
159159|_|ESSP2201GN          |_|12|_|0|_|5
159159|_|ESSPC05252          |_|24|_|0|_|39.45
159159|_|ESSR211538          |_|72|_|0|_|5.83
159159|_|ESSSN08387          |_|12|_|0|_|14.67
159159|_|ESSSN13899          |_|12|_|0|_|7.54
159159|_|ESSURD18CF          |_|90|_|0|_|12.51
159159|_|ESSVE11127          |_|108|_|0|_|2.32
159159|_|ESSW59SLBL          |_|216|_|0|_|2.4
159159|_|ESSWI35556          |_|96|_|0|_|4.04
159159|_|ESSWMN93            |_|20|_|0|_|4.6575
159159|_|ESSXEFH207          |_|96|_|0|_|3.44
159160|_|FAUAN20105          |_|12|_|0|_|11.6825
159160|_|FAUAN20405          |_|36|_|0|_|10.14
159160|_|FAUBB00661          |_|48|_|0|_|2.7383
159160|_|FAUCS12230          |_|36|_|0|_|2.9633
159160|_|FAUCS12300          |_|12|_|0|_|3.1783
159160|_|FAUIMS07332         |_|12|_|0|_|3.4441
159160|_|FAUN61215           |_|144|_|0|_|2.155
159160|_|FAUPA00103          |_|36|_|0|_|7.5
159160|_|FAUPL00145          |_|12|_|0|_|9.7158
159160|_|FAUPL00172          |_|12|_|0|_|5.0133
159160|_|FAUPL00174          |_|24|_|0|_|9.7566
159160|_|FAURB10400C         |_|8|_|0|_|7.1712
159160|_|FAURB99350          |_|75|_|0|_|1.1579
159162|_|REG0-00933          |_|132|_|0|_|1.7958
159162|_|REG0-01211          |_|252|_|0|_|1.9591
159162|_|REG0-02313          |_|36|_|0|_|1.8775
159162|_|REG0-04587          |_|12|_|0|_|1.9183
159162|_|REG0-05915          |_|24|_|0|_|0.6116
159162|_|REG0-30076          |_|1296|_|0|_|0.3808
159162|_|REG0-51447          |_|7|_|0|_|13.7102
159162|_|REG0-71630          |_|16|_|0|_|2.2037
159162|_|REG0-73332          |_|288|_|0|_|0.9791
159162|_|REG0-73343          |_|432|_|0|_|0.9791
159162|_|REG0-79556          |_|36|_|0|_|2.5578
159162|_|REG0-88801          |_|72|_|0|_|1.951
159162|_|REG0-91981          |_|306|_|0|_|1.4683
159162|_|REG8-74035          |_|48|_|0|_|2.9391
159163|_|SAF160229           |_|192|_|0|_|1.215
159163|_|SAF265529           |_|48|_|0|_|2.25
159163|_|SAF269129           |_|24|_|0|_|4.5
159163|_|SAF660204           |_|72|_|0|_|9
159163|_|SAF662416           |_|24|_|0|_|4.5
159163|_|SAF685804           |_|8|_|0|_|5.4
159163|_|SAF688304           |_|48|_|0|_|5.4
159163|_|SAF689304           |_|48|_|0|_|5.4
159163|_|SAF695004           |_|24|_|0|_|5.4
159163|_|SAF699304           |_|8|_|0|_|5.4
159163|_|SAF699404           |_|8|_|0|_|5.4
159163|_|SAF699804           |_|20|_|0|_|5.4
159163|_|SAF803029           |_|8|_|0|_|5.4
159164|_|SCH1140193          |_|360|_|0|_|1.37
159164|_|SCH3990165          |_|60|_|0|_|2.31
159164|_|SCH4156253          |_|24|_|0|_|3.34
159164|_|SCH4156337          |_|60|_|0|_|3.15
159164|_|SCH5571526          |_|180|_|0|_|4.32
159164|_|SCH5572185          |_|6|_|0|_|4.96
159164|_|SCH6153878          |_|12|_|0|_|2.69
159164|_|SCH6154223          |_|48|_|0|_|1.21
159164|_|SCH6154595          |_|32|_|0|_|3.29
159164|_|SCH7198872          |_|24|_|0|_|9.97
159164|_|SCH7430143          |_|1088|_|0|_|1.59
159164|_|SCH8120925          |_|24|_|0|_|4.68
159169|_|EME65013            |_|432|_|0|_|30
159169|_|EME02445            |_|1002|_|0|_|7.29
159169|_|EME86335            |_|696|_|0|_|112.8
159169|_|RES010512           |_|72|_|0|_|6.4
159169|_|DAI000010           |_|12|_|0|_|5
159171|_|ENE05937            |_|2328|_|0|_|52.68
159175|_|CLO30577            |_|102|_|0|_|9
159175|_|BSN01053            |_|12|_|0|_|7
159183|_|3M5122              |_|8000|_|0|_|202.4
159184|_|MEDDYND70125        |_|2350|_|0|_|13.53
159184|_|MEDPINK6076         |_|140|_|0|_|36.85
159184|_|MEDPINK6074         |_|3000|_|0|_|35
159185|_|MEDACC-552          |_|20|_|0|_|5.7
159185|_|MET10-1158          |_|2|_|0|_|52.57
159185|_|MET13-5000          |_|20|_|0|_|73.29
159185|_|CRO19100            |_|48|_|0|_|9.04
159185|_|MED8289             |_|4|_|0|_|17.79
159185|_|MEDACC-882          |_|204|_|0|_|8.31
159185|_|PDIC22370           |_|24|_|0|_|66.25
159185|_|PDIC69900           |_|120|_|0|_|38.08
159185|_|PDID20300           |_|46000|_|0|_|40.44
159185|_|MEDFIB-222          |_|174|_|0|_|19.35
159185|_|MEDFIB-240          |_|60|_|0|_|16.81
159185|_|MEDP63884           |_|6|_|0|_|36.98
159185|_|MET131100           |_|888|_|0|_|73.75
159186|_|3M6163              |_|30|_|0|_|160
159188|_|PHIB232000010       |_|229|_|0|_|88
159189|_|PRE3909             |_|140|_|0|_|0.7
159189|_|PRE605PUR           |_|72|_|0|_|3.75
159189|_|PRE607BLK           |_|670|_|0|_|4
159189|_|PRE871PRB           |_|20|_|0|_|2.15
159190|_|PYRS2510S           |_|1008|_|0|_|1.14
159196|_|UNI433905           |_|2400|_|0|_|140
159222|_|DRI14027            |_|25|_|0|_|200
159222|_|HDS3739323          |_|4|_|0|_|32.5
159232|_|WEL34XFHT-B         |_|1|_|0|_|601.8
159232|_|WEL69213            |_|17|_|0|_|92.02
159232|_|WELREUSE-08         |_|12|_|0|_|16.95
159232|_|WELREUSE-10-1TP     |_|6|_|0|_|18.15
159248|_|HD5621776           |_|2544|_|0|_|18.94
159248|_|HDS5635305          |_|136|_|0|_|14.86
159248|_|NUT820119           |_|48|_|0|_|26.69
159248|_|BAY558170           |_|192|_|0|_|13.11
159248|_|SUN002910           |_|1418|_|0|_|7.41
159248|_|HDS5536339          |_|216|_|0|_|9.73
159248|_|HDS1103209          |_|176|_|0|_|13.42
159250|_|ACCG3624W           |_|200|_|0|_|52.78
159255|_|KIN631177           |_|324|_|0|_|5.8
159255|_|KIN516993           |_|46|_|0|_|11
159263|_|BSN110783           |_|51|_|0|_|9.15
159263|_|BSN110785           |_|6|_|0|_|8.78
159263|_|BSN110789           |_|3|_|0|_|9.15
159263|_|BSN110790           |_|15|_|0|_|9.15
159263|_|BSN115109           |_|8|_|0|_|37.08
159263|_|BSN115121           |_|9|_|0|_|37.08
159263|_|BSN115223           |_|4|_|0|_|35.96
159263|_|BSN115277           |_|3|_|0|_|52.38
159263|_|BSN115403           |_|3|_|0|_|52.38
159263|_|BSN115514           |_|6|_|0|_|28.98
159263|_|BSN115562           |_|7|_|0|_|52.38
159263|_|BSN117228           |_|11|_|0|_|11.22
159263|_|BSN119127           |_|3|_|0|_|37.08
159263|_|BSN119406           |_|10|_|0|_|21.56
159263|_|BSN119504           |_|4|_|0|_|21.56
159263|_|BSN119619           |_|7|_|0|_|37.08
159263|_|BSN119800           |_|6|_|0|_|28.98
159263|_|BSN120237           |_|12|_|0|_|8.78
159263|_|BSN120254           |_|6|_|0|_|8.78
159263|_|BSN121503           |_|5|_|0|_|37.08
159263|_|BSN193300           |_|13|_|0|_|6.71
159263|_|BSN7264122          |_|4|_|0|_|7.53
159263|_|BSN7264123          |_|13|_|0|_|7.53
159263|_|BSN7528911          |_|5|_|0|_|21.56
159263|_|BSN7528912          |_|18|_|0|_|21.56
159263|_|BSN7528913          |_|21|_|0|_|21.56
159263|_|BSN7529003          |_|8|_|0|_|37.08
159263|_|BSNH3543            |_|6|_|0|_|12.56
159265|_|EMW1002909          |_|48|_|0|_|8.408
159265|_|EMW1031627          |_|36|_|0|_|3.274
159265|_|EMW1053205          |_|48|_|0|_|5.288
159265|_|EMW1080679          |_|18|_|0|_|2.925
159265|_|EMW1186141          |_|12|_|0|_|1.274
159265|_|EMW1236768          |_|24|_|0|_|3.254
159265|_|EMW1327950          |_|18|_|0|_|2.428
159265|_|EMW1640526          |_|120|_|0|_|4.08
159265|_|EMW1654063          |_|36|_|0|_|2.726
159265|_|EMW1700383          |_|12|_|0|_|2.965
159265|_|EMW1770705          |_|36|_|0|_|1.154
159265|_|EMW3110541          |_|156|_|0|_|5.588
159265|_|EMW3241203          |_|36|_|0|_|3.397
159265|_|EMW3425576          |_|108|_|0|_|6.595
159265|_|EMW3542033          |_|18|_|0|_|2.274
159265|_|EMW5051762          |_|6|_|0|_|7.791
159265|_|EMW6503560          |_|18|_|0|_|29.402
159265|_|EMW6529241          |_|24|_|0|_|12
159265|_|EMW7116748          |_|12|_|0|_|12.987
159265|_|EMW7330090          |_|8|_|0|_|110.767
159265|_|EMW7670044          |_|48|_|0|_|10.438
159265|_|EMW8871876          |_|72|_|0|_|1.005
159265|_|EMW8914435          |_|12|_|0|_|0.925
159265|_|EMW9000933          |_|48|_|0|_|3.353
159265|_|EMW9210121          |_|24|_|0|_|3.338
159265|_|EMW9567712          |_|216|_|0|_|0.468
159266|_|COSCPRMTS17         |_|36|_|0|_|29
159266|_|COSPLA4-SD          |_|6|_|0|_|5
159266|_|COSBOWMTS4          |_|3|_|0|_|7.9
159266|_|PER0019973          |_|72|_|0|_|16.85
159266|_|COSWHKMCS3          |_|119|_|0|_|3.5
159266|_|COSILVTS1-A         |_|7|_|0|_|13
159266|_|COSESGTS33LE        |_|17|_|0|_|23.75
159266|_|COSLVFTS34-A        |_|6|_|0|_|58
159266|_|COSAEETS3R-A        |_|11|_|0|_|36
159266|_|SHA311365           |_|32|_|0|_|33.85
159266|_|PER0072834          |_|3|_|0|_|26
159267|_|COSCPRMTS17         |_|16|_|0|_|25
159267|_|PER0061800          |_|192|_|0|_|11
159267|_|PER0006509          |_|60|_|0|_|15.85
159267|_|SHE10121452         |_|343|_|0|_|15.75
159267|_|COSRIHES34          |_|197|_|0|_|17.85
159267|_|COSCARMTS33N        |_|359|_|0|_|33.99
159267|_|COSPINMCS4          |_|106|_|0|_|7.99
159268|_|EMW1007898          |_|1692|_|0|_|3.75
159268|_|EMW5064660          |_|1638|_|0|_|4.37
159269|_|EMW3492354          |_|1080|_|0|_|6.52
159271|_|REG4-11104          |_|864|_|0|_|3.035
159273|_|EMW2900289          |_|300|_|0|_|9.85
159275|_|EVEANO002           |_|207|_|0|_|15
159276|_|SCH7430051          |_|2682|_|0|_|1.4416
159278|_|ESSL241AST          |_|1560|_|0|_|6.49
159279|_|SCH1720473          |_|2208|_|0|_|0.98
159284|_|ESS28175PP          |_|700|_|0|_|4.29
159285|_|ESSAS00205          |_|1248|_|0|_|5.98
159286|_|ESSOL20630          |_|400|_|0|_|5.54
159290|_|ESS1951260          |_|1152|_|0|_|3.8
159292|_|KEH00007252         |_|144|_|0|_|1.41
159292|_|KEH00047023         |_|96|_|0|_|1.41
159292|_|KEH00131904         |_|60|_|0|_|1.47
159292|_|KEH00262002         |_|72|_|0|_|6.4
159292|_|KEH00262007         |_|144|_|0|_|6.4
159292|_|KEH00272080         |_|72|_|0|_|3.8
159292|_|KEH00273277         |_|360|_|0|_|0.8
159292|_|KEH00280721         |_|36|_|0|_|6.14
159292|_|KEH00789677         |_|144|_|0|_|1.54
159292|_|THRDE0149           |_|120|_|0|_|4.02
159292|_|THRHJ0011           |_|60|_|0|_|6.62
159292|_|THRHY0280           |_|60|_|0|_|6.82
159292|_|THROC0022           |_|408|_|0|_|8.72
159292|_|THRYO0068           |_|72|_|0|_|2.85
159292|_|THRYO0074           |_|72|_|0|_|2.85
159292|_|THRYO0115           |_|72|_|0|_|2.93
159292|_|THRYO0120           |_|720|_|0|_|2.87
159295|_|BCI171067           |_|48|_|0|_|10.91
159295|_|BCI176108           |_|72|_|0|_|7.94
159295|_|BCI277216           |_|96|_|0|_|4.78
159295|_|BCI430218           |_|24|_|0|_|27.91
159295|_|BCI483406           |_|102|_|0|_|4.17
159295|_|BCI484432           |_|1152|_|0|_|0.81
159295|_|BCI484448           |_|1368|_|0|_|0.81
159295|_|BCI485675           |_|864|_|0|_|1.01
159295|_|BCI486051           |_|1253|_|0|_|5.69
159295|_|BCI679785           |_|72|_|0|_|6.06
159297|_|KEH00480475         |_|924|_|0|_|3.36
159300|_|ESSRTBFEB3          |_|216|_|0|_|6.38
159305|_|EMW3530124          |_|504|_|0|_|4.99
159305|_|EMW7610670          |_|1035|_|0|_|1.71
159308|_|EMW0377333          |_|392|_|0|_|7.55
159309|_|EMW0080572          |_|462|_|0|_|7.8
159389|_|HYL029661           |_|2880|_|0|_|5.39
